Heading,Class
rebuilding future depends bank respond crisis jonathan alles,business
emirate resume colombo male flight st september,business
lolc reclaims crown valuable stock,business
cse total market turnover hit r billion within first eight month,business
sunshine holding drive business value transformation microsoft cloud service,business
expolanka record per cent price appreciation,business
combank becomes biggest lender sme sector among bank,business
sri lanka export surpass u billion mark july,business
laugfs gas still quest achieve equilibrium price,business
sampath bank introduces sl first touchless cash withdrawal across atm network,business
insee cement running full production capacity meet local demand,business
capital market donation drive provides covid related medical equipment hospital,business
sri lanka purchasing manager index july,business
orient finance continues growth momentum th anniversary year,business
cse recovers shaky start reap turnover r billion,business
buy meal launched support tourism hospitality industry,business
dhammika perera enters commercial bank top shareholder list,business
sri lanka take global market lead value added tea export report,business
fly emirate dubai visit world one place complimentary expo pas,business
hayleys purchase million share unisyst engineering,business
abans demonstrates outstanding performance q fy pbt r bn,business
baby cheramy launch new herbal cologne infused natural extract kohomba sandalwood,business
bajaj genuine part genuine oil online,business
prime land amber skye negombo close sale le day,business
cocacola clock year sri lanka,business
dfcc bank national longterm rating affirmed fitch rating alka,business
notable buying interest cse,business
combank notch rd r trillion mark balance sheet dynamic q,business
panic selling foreign investor cse,business
airtel g revolutionises telecom industry firstofitskind freedom pack,business
samsung launch bingemonster galaxy segmentbest display sri lanka,business
young entrepreneur find worth plastic waste,business
dialog enterprise partner mihcm launch mihcm lite small medium business,business
land valuation indicator first half,business
realme sell million handset globally three year,business
leasing loan facility acquiring registered vehicle assetline,business
cruise ship call hambantota port bunkering,business
teejay lanka month group revenue r billion,business
china export growth slows global risk cloud outlook,business
swiss expert together baurs design scientific plan viable organic agroecosystem,business
global sysco lab expert offer insight enterprise mobile development,business
jetwing mmbl pathfinder premier houseboat joint venture,business
oppo unveils next generation underscreen camera technology delivering immersive full screen experience,business
hnb upgrade solo robust bill payment biometric feature,business
sunquick lanka great place work certified,business
softlogic life lauded among asia best workplace,business
assetline leasing recognised slim people award,business
airport aviation service ramp digital transformation ifs,business
real question whether sl go imf verit research,business
pan asia bank impressive performance,business
global technology company hcl take office cinnamon life sri lanka hub,business
cse index rise turnover hit r billion,business
aqua dynamic named among best workplace asia,business
seylan bank launch stateoftheart data centre colombo,business
armx mark international security officer day,business
abha herbal black henna introduces new ecofriendly packaging,business
vallibel finance profit soared june quarter new loan,business
john keells property welcome new resident suite cinnamon life,business
debottlenecking strained supply chain covid pandemic beyond,business
sltmobitel launch first ever fullymanaged true sd wan service embracing intent based networking approach enterprise customer,business
people leasings r billion three five year debenture oversubscribed,business
standard chartered sri lanka certified great place work third consecutive year,business
hsbc sri lanka win three international award,business
sdb bank geared lkr billion spo,business
sri lanka tourism introduces elearning platform sltda registered tourist guide,business
automobile component manufacturer surpass employment appointment western province slacma,business
top real estate developer identified new riu brand heath survey,business
bogala graphite ambean holding make presence felt cse,business
piramal glass report quarterly turnover growth,business
sltmobitel launch sd wan service enterprise customer,business
sampath bank introduces helpline business startup advisory service,business
john keells hotel expects pentup demand travel tourism travel restriction removed,business
power capital mark th anniversary,business
two option left concerned shareholder adam investment,business
altair track,business
cheering campaign support team sri lanka tokyo,business
seylan bank drive mindset change,business
dialog axiata group first quad play telco south asia receive iso certification,business
three year warranty preowned vehicle amw,business
cse see selling pressure net foreign outflow hit r billion,business
tea industry expected contribute million extra revenue public coffer,business
mixed tendency cse authority take positive stand billion bond repayment,business
nation trust bank unlisted debenture oversubscribed upon opening,business
combank ranked strongest bank brand sri lanka,business
hayleys fabric cut carbon footprint sri lankas largest solar roof,business
srilankan airline intensifies survival strategy,business
coconut introduces freshly grated coconut market,business
sri lanka insurance hold annual general meeting via zoom online platform,business
taxperts clinch national ingenuity award technological revolution taxation,business
hnb ranked among top world bank,business
aia make asia list best workplace,business
ceylinco life open latest green branch company land piliyandala,business
icees partner toyota engineering corporation bring true lean capability sri lanka,business
successful completion fourth acl sax conductor installation project,business
dfcc bank embarks sustainable journey,business
litro gas encouraging industrial sector interfuel conversion,business
allianz insurance hsbc sri lanka partner offerworldclass insurance product hsbc premier customer,business
tecno optimistic product well received sl market,business
sdb bank issue share belgian investment company,business
u want sl ensure level playing field u investor sri lanka,business
night time terror insomnia,health
listen hair talk,health
worry forgetfulness,health
alternative treatment osteoarthritis,health
sunglass dr jekyll mr hyde tale,health
keeping hand clean,health
chronic pain tied faster memory decline old age,health
blood pressure control,health
handling workplace stress,health
need know morning sickness,health
road fitness cardio,health
cholesterol control,health
exercise may reduce metabolic syndrome risk worker,health
silent enemy kidney disease,health
pain important indicator,health
drug good servant extremely bad master,health
detoxification decoded,health
stroke prevented know,health
hidden threat antibiotic,health
physical exercise,health
migraine headache know,health
disease plague gum,health
vitamin vitality,health
living diabetes,health
exercise influence longevity,health
fact diabetes,health
commuter often exposed damaging noise level,health
toxic tobacco let drop smoking habit,health
bmi keeping check child weight,health
clicking away youth,health
dealing vitamin deficiency,health
eye becomes lazy,health
yellow fever colourful disease,health
changing diet one work,health
know manage asthma,health
blood refuse clot,health
sri lanka done well aware cancer,health
flu increase risk heart attack,health
handling thalassemia threat,health
wonder microbe world,health
battle acne medical memento,health
eat confidently prolong life,health
arthritis osteoporosis spondylitis much,health
brace malocclusion correction,health
ayurveda method burning fat fast,health
heartfelt hope healthy life,health
ayurvedic method curing headache,health
poor anger control illness,health
vaccinate every child immunization save life,health
ayurveda cure influenz,health
deal congenital heart disease,health
eliminating stigma associated mental disorder,health
preserve life minimising food preservative,health
fact myth fat starch,health
treating varicose vein laser treatment,health
preventing kidney function failure,health
ayurvedic cure premature grey hair,health
blood group pregnancy mother,health
preventing premature heart attack,health
aware cataract strike,health
manage type diabetes,health
reticulocyte count blood test worth knowing,health
taking care foot,health
child suffer asthma,health
mother negative blood group,health
hand fracture treated plastic surgeon,health
pain dreaded symptom,health
handle irritable bowel syndrome,health
creator stroke,health
close look iron deficiency anaemia,health
opposition road ahead critique radical centre,politics
fight free education end kndu bill,politics
recollection black july anuradhapura oasis peace,politics
jvp congratulates china communist,politics
sri lankas century humiliation,politics
reflecting ranil,politics
political nostalgia land forgetting,politics
champikas challenge,politics
military officer cadet nation promise future,politics
opposition,politics
nation nationalist nationalism,politics
prerogative following geneva kangaroo court decision,politics
march come go sri lanka remain resilient,politics
unhrc end justifies mean,politics
jvp select committee member alleges indian hand easter sunday blast,politics
march tweet angst mild sabrerattling,politics
dayan jayatilleka opposition reset,politics
government unhrc people,politics
time geneva circus replete molehill mountain,politics
there movement within without party nation,politics
innocence guilt accusation punditry,politics
burgher ceylonsri lanka reminiscence anecdote,politics
budget presented amid celebration acquittal,politics
need new constitution,politics
silent death constitutional holy cow,politics
drafting new constitution begin,politics
dual citizen foreign funded local,politics
closer scrutiny criticism,politics
draft urgent urgent,politics
reconsidering th amendment,politics
illfated laid rest,politics
yahapalana project failed,politics
grs opportunity remint sri lanka,politics
circular firing squad minority politics,politics
sjb manifesto sidestep constitutional reform,politics
government crisis calendar overflowing rajitha,politics
road ahead left,politics
mangala,politics
foreign minister gl peiris cant succeed,politics
political history post sri lanka,politics
new repressive rule leftdemocratic resistance,politics
reflection sri lankas political memers,politics
db wijetunga became executive president sri lanka,politics
city sri lanka whats behind name,politics
reflection slfp,politics
alternative alternative,politics
regime religious farright v church militant,politics
runofthemill administration,politics
gr sentence impact indolanka relation tamil politics,politics
politicsin defence jvp,politics
jayawardenes brilliance take southern brave hundred title,sports
rcb rope hasaranga chameera ipl,sports
indian cricket become formidable force,sports
sri lanka player sign national contract till end,sports
mixed relay team make notable debut,sports
de kock miller ngidi miss odis sri lanka,sports
quan hongchan score perfect ten win woman platform diving gold,sports
making olympic dream reality,sports
banned,sports
cricket greatest today,sports
wildcards gymnast make early exit,sports
practical idea young high jumper athlete parent teacher coach,sports
lanka female police officer selected olympics boxing judge,sports
sugandi placed third relay team advance final,sports
lesson worth learning,sports
england get job done win czech,sports
sportsman sponsor ambush marketing,sports
battle flare resilience,sports
novak djokovic toil face rafael nadal french semi,sports
asian zonal hybrid chess championship start today,sports
navy tehani shoot sri lanka tokyo olympics,sports
door closed senior player arthur,sports
sri lanka search answer bangladesh eye clean sweep,sports
slr must put player bio bubble,sports
sri lanka athletics announces fate future event,sports
tharushi qualifies world junior championship,sports
herculean task athlete strive olympic qualifying standard odds,sports
sri lanka athletics advance weekend event avoid travel restriction,sports
bringing cricket glory day back,sports
bangladeshsri lanka odi series held dhaka,sports
sri lanka havent played international cricket since onset covid pandemic march,sports
dilshi stamp class national record,sports
fate nalanda hand richmond prince wale,sports
sri lanka misread pallekele wicket,sports
buwaneka ranthushka dilmi ranithma clash men woman single title,sports
await fast bowling fest,sports
dilshan join gamerlks singer esports premier league,sports
podi malinga set big thing,sports
domestic cricket overhauled,sports
dinesh herath win historic gold sri lanka break world record javelin,sports
kamindu mendis recalled south africa series,sports
herath creates history paralympics dulan win bronze,sports
spin trial could backfire,sports
sri lanka secure hard fought win protea,sports
rookie star sri lankas series win protea,sports
sri lanka team leave davis cup,sports
rare opportunity yupun today diamond league meet zurich,sports
yupun finish ninth gain valuable experience,sports
keep training uninterrupted biggest challenge athlete centenary year,sports
sri lanka athletics give priority asian game,sports
instagram require user share birthday amid youth safety push,technology
australian scientist develop painfree blood sugar test diabetic,technology
india organise twoday summit green hydrogen initiative involving brics nation,technology
tiktok given month respond claim eu consumer right breach,technology
vietnam coronavirus outbreak threatens disrupt tech supply chain,technology
facebook deploys special team israelgaza conflict spread across social medium,technology
control chinese rocket land indian ocean,technology
pill covid available soon,technology
planet triplestar system discovered,technology
hot superearth discovered lightyears away,technology
spotify launched sl,technology
lk domain registry discovers credential compromised system user account,technology
china mar probe successfully reach red planet,technology
twitter suspends ten thousand account dedicated sharing qanon content,technology
china change mission return moon sample,technology
cyberpunk warning future,technology
facebook face u lawsuit could force sale instagram whatsapp,technology
china ban apps including tripadvisor,technology
google service including gmail youtube google doc hit widespread outage,technology
india asks twitter remove account government source,technology
sl cert issue warning free data scam,technology
nasa share first recording perseverance firing laser mar,technology
nasa rover make breathable oxygen mar,technology
huawei plan launch new operating system phone june,technology
facebook suspends trump account two year,technology
singapore unveils one world biggest floating solar panel farm,technology
tesla likely restart accepting bitcoin payment musk,technology
apple child protection feature spark concern within rank,technology
instagram require user share birthday amid youth safety push,technology
nkorea test first strategic cruise missile possible nuclear capability,technology
tiktok roll support combat suicide search,technology
google celebrates rd birthday,technology
youtube remove antivaccine misinformation,technology
captain kirk embark reallife journey space,technology
facebook instagram whatsapp restored hourslong blackout,technology
window launch redesigned start menu,technology
sl remit facilitate foreign remittance,technology
kapruka launch cryptocurrency payment,technology
instagram require user share birthday amid youth safety push,technology
australian scientist develop painfree blood sugar test diabetic,technology
india organise twoday summit green hydrogen initiative involving brics nation,technology
tiktok given month respond claim eu consumer right breach,technology
vietnam coronavirus outbreak threatens disrupt tech supply chain,technology
facebook deploys special team israelgaza conflict spread across social medium,technology
control chinese rocket land indian ocean,technology
pill covid available soon,technology
planet triplestar system discovered,technology
hot superearth discovered lightyears away,technology
spotify launched sl,technology
lk domain registry discovers credential compromised system user account,technology
china mar probe successfully reach red planet,technology
twitter suspends ten thousand account dedicated sharing qanon content,technology
china change mission return moon sample,technology
cyberpunk warning future,technology
facebook face u lawsuit could force sale instagram whatsapp,technology
china ban apps including tripadvisor,technology
google service including gmail youtube google doc hit widespread outage,technology
india asks twitter remove account government source,technology
sl cert issue warning free data scam,technology
nasa share first recording perseverance firing laser mar,technology
nasa rover make breathable oxygen mar,technology
huawei plan launch new operating system phone june,technology
facebook suspends trump account two year,technology
singapore unveils one world biggest floating solar panel farm,technology
tesla likely restart accepting bitcoin payment musk,technology
apple child protection feature spark concern within rank,technology
esports declared official sport sri lanka,sports
dinesh chandimal join sl army today,sports
sri lanka arrives karachi sl v pak series,sports
oshada fernando wanindu hasaranga star sri lanka whitewash pakistan,sports
south asian game sri lanka secures gold medal athletics year,sports
sri lanka clinch gold medal,sports
sri lanka defeat india athletics sag,sports
annual sri lanka cricket award held colombo,sports
dimuth karunaratna ranked th icc test batting ranking,sports
sri lanka cricket apology cricket fan sooriyawewa assault,sports
angelo mathews score maiden double century,sports
three cricket stadium limbo despite plan new stadium,sports
icc say sanction loan homagama stadium,sports
mahela jayawardena chair national sport council,sports
lanka premier league postponed november slc,sports
thisara perera retires international cricket,sports
yearold sri lankan make history international karting win belgium,sports
sri lanka cricket appoints new selection committee,sports
th anniversary sri lankas victory cricket world cup celebrated temple tree,sports
murali named valuable test player st century,sports
federer say thrilling semifinal nadal everything,sports
copa america win shut brazil critic neymar,sports
messi get second red card career clash chile,sports
djokovic beat federer wimbledon epic win fifth title,sports
u soccer fan take france ahead world cup final,sports
brazil beat argentina reach copa america final,sports
tokyo olympic stadium finished set open december,sports
fought multiple time im tired lasith malinga,sports
venus defeat year old gauff wimbledon,sports
wood take stroll pebble memory lane,sports
andy ruiz jr break anthony joshua record,sports
carapaz hold nibali roglic loses ground giro,sports
rugbyinjured pocock call time brumbies target world cup,sports
leclerc dream lauda memory stir monaco emotion,sports
barcelona superstar messi awarded catalan creu de sant jordi honour,sports
fognini upset zverev reach monte carlo quarterfinal,sports
tiger back tiger secures fifth master title,sports
sl v ban world cup encounter abandoned,sports
nadal beat thiem claim recordstretching th french open title,sports
hamilton win canada following vettel penalty,sports
fifa vote new club world cup,sports
hathurusinghe recalled sri lanka,sports
sumo champion kisenosato retires,sports
cristiano ronaldo accused tax fraud,sports
five time grand slam champion maria sharapova australian open,sports
british villager battle mud medeival haxey hood game,sports
virat kohli pass international run,sports
germany beat spain hopman cup opener,sports
sri lanka win st deaf world cup beating india,sports
norway carlsen win world chess championship fourth time,sports
let cough tb,health
keep sugar level control get right prescription exercise,health
fighter put lighter addiction tobacco overcome,health
painkiller really kill pain,health
childhood sans pressure,health
giving gift life,health
tackling sleep disturbance old age,health
keto dieter,health
pain swelling outside joint enthesitis,health
preventing exposure morning sunlight spoil health,health
exercise help reduce blood pressure,health
let keep blood pressure control,health
let make easy breathe,health
liver consumption good bad,health
wake healthy life,health
victim food allergy,health
lactose intolerant,health
yesterday tomorrow brief history cancer,health
know dementia,health
aware calcium deficiency,health
thing know cholesterol,health
fruit throw away lollipop,health
copd lifelong malady lung,health
daily routine sound oral hygiene,health
health hazard mosquito coil smoke,health
reason diabetes pregnancy,health
maintain beauty delivery,health
chemotherapy curative option,health
mosquito frequently attack,health
spreading awareness lung cancer,health
sri lanka arduino day,technology
pickme linear squared join global program startupsmicrosoft scaleup,technology
mobitel offer newlylaunched next generation samsung galaxy se store,technology
stax digital customer experience audit help better understand digital maturity,technology
c framework creating value,technology
manage data slt selfcare mobile app,technology
important facebook remain free,technology
huawei launch latest generation series dewdrop display,technology
egg regular egg instagrams mostliked post ever,technology
dialog recognized sri lankas fastest mobile network,technology
new super powerful galaxy note,technology
microsoft paint killed year,technology
review oppo f plus selfie expert flawless smartphone experience,technology
six fact new nokia,technology
kanchayudha sri lankas biggest story based role playing game,technology
art remembering everything,technology
apple kill old school usb port new macbook pro,technology
make quicker transaction ewallet,technology
farmer grow vegetable desert using solar energy seawater,technology
let talk meme time technology,technology
thing know ewallet,technology
everything need know new iphone,technology
thing know bitcoin,technology
janashakthi appathon challenge,technology
mastercard unveiled new logo first time two decade,technology
lenovo set reveal nextgen vrar hardware here know far,technology
facebook user express concern possible dislike button,technology
engineering student extinguish fire sound,technology
subject twitter launch objective based campaign,technology
kaspersky lab latest flagship home user product revealed,technology
tube ad format,technology
facebook video ad,technology
google building selfdriving car driver seat steering wheel,technology
microsoft see end nokia loss share rise hour,technology
communist party remove raja collure chairman,politics
daham sirisena enters active politics slfp posting,politics
afghan situation could impact sl coastal nation ambassador,politics
sl authority must end violence discrimination muslim ai,politics
diana gamage expelled sjb informs parliament secy gen,politics
mp rathana thera expelled party,politics
indian gen naravane call president rajapaksa,politics
president order probe excaa officer allegation,politics
jeevan thiagarajah sworn northern province governor,politics
people distrust govt unexpected,politics
diana gamage lash sjb,politics
tisl complaint ciaboc nirupama,politics
annulment state ministry held cabraal,politics
govt loses mark asgiriya chapter,politics
innocent appoint independent investigator thirukumar,politics
sl solve issue democratic system president,politics
indian foreign secy meet fm peiris,politics
aluthgamage test covid positive gammanpila go selfisolation,politics
govts tax relief aggravated economic crisis akd,politics
sajith asks govt acknowledges new covid wave,politics
verbal sexual harassment charge raised pliament speaker say involvement,politics
controversy surround death bathiudeens maid brother claim shes unable scribble english,politics
basil promise father figure say take unpopular decision,politics
mr retains several key institution previously held finance minister,politics
peasantry middleclass,politics
slpp made majority winning party parliament namal rajapakse,politics
unp name sajith pm candidate sajith lead new alliance,politics
sajith premadasa get sweeping power new alliance,politics
unp crisis widens senior sacked working committee,politics
joint leader slpp slfp,politics
telephone conversation old new pm,politics
slpp war maha oya,politics
need new leadership fresh start mano ganesan,politics
ranjan ramanyake remanded,politics
serious political intervention ag matter sumanthiran,politics
ranjans parliament speech includes blatant lie mp gammanpila,politics
minister keheliya rambukwella former chairman state printing jayantha sri bandara heenkenda released charge,politics
additional security requested former prime minister ranil wickremesinghe,politics
jvp call speaker table cbsl forensic audit,politics
parliamentarian jayampathi wickremeratne resigns,politics
sajith premadasa meet local politician,politics
ranjans recording tabled parliament,politics
slfp fill vacant organizer post,politics
hope go forward broad alliance upcoming election sajith premadasa,politics
ranil walked unp meeting harsha,politics
unp leadership final decision today,politics
ranjans recording used get duminda silva released field marshal sarath fonseka,politics
country doldrums r sampanthan,politics
chandrika bandaranaike kumaratunga invited swrd bandaranaike memorial,politics
central committee slfp convene tomorrow,politics
foreign investor return sri lankan bond month,business
sl heading economic recession analyst warn,business
state vat conession good,business
central bank surprisingly cut key rate basis point,business
sri lanka print r bn april economic crisis continues,business
sri lankas headline inflation dip april,business
trading colombo stock exchange halted following sp sl index falling,business
sri lanka achieve growth rate,business
finance leasing sector face added pressure consolidation,business
tax cut increase fiscal defecit,business
spain fullback jordi alba back messi criticism performance,sports
chandimal hathurusinghe gurusinghe hot water icc,sports
sri lankan cricketer take stand ball tampering allegation,sports
sl men relay team win big th asian junior athletic championship,sports
breaking news power sri lanka cricket vested sport min secretary,sports
ashan silva ishan dissanayake win big th fox hill supercross,sports
sangakkara replaces warne sky sport commentary,sports
sri lankan boxer anusha advance semifinal commonwealth game,sports
silver indika dissanayake commonwealth game,sports
sri lankan sprinter rumeshika rathnayake brings glory country,sports
need increase gross domestic production sajith premadasa,politics
speaker comprehend public mandate vasudeva nanayakkara,politics
patali champika report ccd,politics
rajitha senaratne transferred prison hospital,politics
former unp mp justin galappaththi pass away,politics
parliament seat opposition leader reserved sajith premadasa karu party leader,politics
president pm acknowledges slfps support mahinda amaraweera,politics
patali champika ranawaka seek forgiveness country political mistake,politics
slfp organizer treated differently working tirelessly election dayasiri jayasekara,politics
bribery case keheliya closed,politics
google ad combining social display,technology
facebook trend,technology
lolc technology hold information security awareness session,technology
srilankan expands reach central asia siberian airline,technology
credit card detail million south korean stolen,technology
ilfc srilankan airline sign year lease agreement three,technology
apple refund parent whose kid made inapp purchase,technology
qualcomm ceo say still dark china antitrust probe,technology
intel dive wearable new smartwatch headset device,technology
etel unveils latest smart phone curiosity,technology
google acquires developer military robot,technology
adobe creative cloud subscriber growth impress investor,technology
twitter share touch new high sail past,technology
alibaba invests million appliance maker big good logistics,technology
technology firm seek government surveillance reform,technology
dutch privacy watchdog say google break data law,technology
hp enterprise sale pickup stir turnaround hope,technology
blackberry shake senior management,technology
microsoft sell million xbox one hour,technology
apple buy motion sensor maker primesense,technology
nokia shareholder expected approve microsoft deal,technology
samsung elec say gear smartwatch sale hit two month,technology
google microsoft agree measure block abuse image,technology
sony sell million playstation unit first hour,technology
google defeat author u bookscanning lawsuit,technology
twitter introduces selfserve ad outside u,technology
microwave signal turned electrical power,technology
snowden persuaded nsa worker give password source,technology
qualcomm curb spending revenue forecast disappoints,technology
microsoft warns user hacker attack,technology
google offer live video chat range topic new service,technology
google spend another million euro finnish data center,technology
android snag record percent smartphone market,technology
anonymous hack singapore newspaper website,technology
snowden leak google outraged alleged nsa hacking,technology
twitter go eyecatching look,technology
apple result disappoint ahead holiday quarter,technology
apple ibeacon,technology
ship tracker vulnerable hacking expert warn,technology
dna analysis uncovers genetic error behind major cancer,technology
htc ceo step back focus fixing smartphone slide ft,technology
intel delay broadwell pc chip production,technology
burberry name bailey ceo ahrendts quits apple,technology
nsa said collect million email address book chat list,technology
cyber warrior shortage hit antihacker fightback,technology
foxconn admits labour violation china factory,technology
sony face long fight clamber smartphone ranking table,technology
ford car take control steering avoid collision,technology
blackhole malware exploit kit suspect arrested,technology
adobe source code customer data security breach,technology
battle congenital malformation heart,health
take fact heart,health
let talk contraception,health
paracetamol use wisely never exceed dosage,health
handle care,health
rising terror tb,health
dispelling myth vitamin supplement,health
launch two book heart health,health
today world aid day,health
oral cancer prevention awareness,health
healthy hair care,health
prone food allergy,health
throw fairness cream away,health
biofilms silent killer hospital,health
stone urethra bladder ayurveda cure,health
say yes good oral health,health
benign prostatic hyperplasia,health
health risk bisphenol,health
telltale sign parkinson disease,health
oral maxillofacial surgery,health
health tip,health
nail say health,health
helping child develop selfconfidence,health
dealing thalassaemia,health
sri lankan diet do donts,health
bully victim,health
pranayama,health
ayurveda science life,health
wheezing obesity kid,health
coping exam stress,health
pet medicine pose poison risk kid,health
tackling haemorrhoid,health
cervical cancer symptom,health
ayurvedic medicine sport performance booster,health
laser treatment skin condition,health
good health necessary prevent ncds,health
dangerous microcephaly,health
benefit coconut water natural jeewani,health
common gene explains people brain age faster,health
unite end tuberculosis leave one behind,health
health capsule,health
sleep essential,health
coping postpartum depression,health
treatment halt constant vomiting pregnant mother sick,health
climate change making people sick u doctor,health
take measure help balance,health
hyperactivity adhd,health
wear tear joint glance,health
many exercise option tied better brain function,health
controlling childrens temper tantrum,health
elephantsaataka deal unp slpp agreement togetherwasantha samarasinghe,politics
time sajith premadasa mp take ranil wickremesinghe,politics
unp need new face new leadership ranil wickremesinghe,politics
slpp symbol popular consider sb dissanayake,politics
state minister keheliya rambukwella hint giving politics party loos general election,politics
new terrorist threat contained whatever mean necessary pm,politics
public elect stable government state minister lakshman yapa abeyawardena,politics
president chair meeting official ministry power energy,politics
president gotabaya rajapaksa assures medium freedom administration,politics
akila virajs claim ranil wickremesinghe party leader personal opinionsm marikkar,politics
slfp fully support government upcoming election former president maithripala sirisena,politics
remain government sign mcc min weerawansa,politics
unp win ranil leader chameera perera,politics
appoint politician clean slate request dr sarath amunugama,politics
young second tier leadership rw,politics
middleeastern country ambassador call president,politics
final rite late parliamentarian ranjith de zoysa held today,politics
prime minister mahinda rajapaksa visit anuradhapura sacred ground,politics
government silent subsidy promised farmer namal karunarathne,politics
party tagged along could without support mahinda amaraweera,politics
speaker delaying announcement leader opposition part another conspiracy,politics
ready win election minister janaka bandara,politics
unp parliamentary group meet today,politics
remains mp ranjith zoysa returned sri lanka,politics
former president maithripala sirisena would attend parliament next three month dayasiri jayasekara,politics
resort alternative party leadership handed harin fernando,politics
slfpslpp debate party symbol general election,politics
parliament prorogued save ranil wickremesinghe,politics
parliament prorogued cope discus cbsl forensic audit handunnetti,politics
president say would nullify th amendment majority support,politics
cabinet paper provide political freedom minister janaka bandara tennakoon,politics
former president maithripala sirisena promise rebirth politics,politics
vidura wickremenayake assumes duty state minister agriculture,politics
opposition leader crisis resolved hour mano ganesan,politics
opposition leadership yet finalized speaker,politics
sajith call president betray mandate,politics
unp need new leadership mp ajith p perera,politics
deshapriya request step chairman nec,politics
president gotabaya rajapaksa meet indian pm narendra modi,politics
tna prepared work president rajapaksa sumanthiran,politics
cbsl maintains policy intrest rate,business
new income tax regulation affect,business
cbsl maintain accommodative monetary policy,business
imf approves loan installment usd mn sl,business
government introduce new act control cbsl,business
sri lankas gross national income increase,business
imf state market condition sri lanka normalizing post attack,business
sri lanka launch sovereign bond sale international market,business
tea earnings drop mn april,business
sri lankas growth forecast reduced world bank,business
import selected food item limited,business
sl aim raise u billion presidential election,business
japan india develop colombo port countering belt road,business
sri lankan economy remains vulnerable imf,business
manufacturing pmi hit record low april,business
rupee appreciate end nccsl,business
local debt gdp ratio surpasses asian country,business
sri lankas growth rate around world bank,business
sri lanka ranked th asia ease business,business
sri lanka borrow mn china central expressway,business
headline inflation decreased december,business
sri lanka halve maximum foreign holding limit govt security,business
government seek imf approval public spending,business
cbsl maintain policy interest rate,business
price gold rise,business
sri lankan rupee continues crash,business
breakdown sri lankas economic issue,business
lanka ioc reduces fuel price,business
ease business sri lanka jump notch th place,business
people bank bod ready step,business
current issue banking sector,business
petrol super diesel price increased,business
finance ministry decide fuel price hike today,business
new regulation lead unbearable inflation warning economist,business
cse halt trading activity mtd walker plc,business
government continues defend economic policy,business
legal action prima raising price flour,business
jack announce new leadership alibaba,business
outlook sl banking system negative moody,business
cbsl implement flexible inflation targeting,business
nidahas trophy sri lanka start campaign comprehensive win,sports
indian cricket team arrives sri lanka play trination tournament,sports
slvsban sri lanka cruise comfortable run victory series win,sports
fifa world cup trophy colombo display,sports
chandika hathurusingha appointed slc head coach,sports
sri lanka sense chance newlook india side,sports
football real madrid cristiano ronaldo win ballon dor award fifth time,sports
ioc ban russia winter olympics,sports
three sri lankan cricketer fall ill due polluted air india,sports
federer walk semifinal atp world tour final defeating zverev,sports
badminton world federation imposes ban sl badminton association,sports
cristiano ronaldo beat lionel messi fifa best male player award,sports
icc initiate investigation sl alleged corruption sport,sports
sanath jayasuriya slc selection committee member hand letter resignation,sports
cricket india beat sri lanka inning run,sports
niroshan dickwella fined allegedly violating icc code,sports
usain bolt begin farewell one last victory jamaica,sports
sangakkara retire first class cricket,sports
royal college win first leg bradby shield,sports
roger federer score th career title,sports
bayern munich point clear bundesliga,sports
lasith malinga join sl team australian tour,sports
m dhoni step odi captain,sports
sri lankas track field pride joy susanthika jayasinghe hospitalised,sports
barcelona hit copa del rey match hercules,sports
maria sharapova return competitive tennis face monica puig puerto rico,sports
cristiano ronaldo win ballon dor fourth time,sports
sri lanka emerge victorious trination odi series,sports
world murray perfect start atp world tour final,sports
upul tharanga named skipper series zimbabwe,sports
sri lanka formula one,sports
sl win gold medal weightlifting junior commonwealth game,sports
international olympic committee president speaks tokyo olympics,sports
forty second jaffna national sport festival record stellar performance,sports
liverpool make comeback defeat swansea,sports
barcelona v atletico madrid end deadlock,sports
sl win firstever paralympic medal,sports
serena williams set grand slam record,sports
kumar sangakkara sparkling century see surrey squeeze semi final,sports
brazil take germany olympic football final,sports
sri lanka highly vulnerable tightening financing condition globally moody,business
fixed ce tax tea export,business
anomaly sri lankas national debt,business
local canned fish producer request increase price,business
sri lanka end gross official reserve billion,business
sri lankas large state bank short fresh capital fitch rating,business
sri lanka among vulnerable economy moody,business
current status sri lankan rupee,business
sri lankan rupee hit new low u,business
srilankan airline hot water wet lease,business
north south korean gymnast pose olympic selfie,sports
sri lanka bowl australia anxious nd day conclusion,sports
rio olympics set begin,sports
sl win malaysian leg u asian rugby championship,sports
university moratuwa win best newcomer award formula student,sports
muttiah muralitharan inducted icc hall fame,sports
neymar looking rio gold,sports
barcelona agree sign deal andre gomes valencia,sports
misbah becomes oldest test centurion year,sports
four new national record th national game concludes,sports
president gotabaya rajapaksa meet saudi arabian ambassador,politics
slpp party leader meeting discus new government,politics
slfp begin party reform electoral organiser,politics
mp request rw hand party leadership,politics
unp provide leadership presidential campaign tissa attanayake,politics
vijith wijayamuni zoysa accused supporting unp,politics
unp leader ranil wickremesinghe speaks election,politics
body former pm jayaratne brought parliament final respect,politics
unf party leader want sajith opposition leader,politics
commotion sirikotha unp supporter outraged entrance sirikotha remains closed,politics
next cancer diagnosis,health
dealing stone pouch,health
homoeopathy cure dengue strengthening immune system,health
getting rid hypertension,health
facing dilemma diabetes,health
let check cause progeria,health
protect wart,health
lifestyle change control myopia,health
sugarfree food cheat u,health
danger hot tea,health
science trump force create reallife lightsaber,technology
sri lankan scientist win best doctoral thesis award biomechanics high profile international,technology
microsoft ceo ballmer bid emotional farewell wall street,technology
adobe sell mighty digital pen,technology
apple iphone fingerprint scanner get plaudit early review,technology
microsoft give bing makeover,technology
twitter take first step toward going public,technology
real reason apple bit chip make sense,technology
virtusa win asia best employer award,technology
internet company new effort disclose nsa request,technology
